<?xml version="1.0" encoding="UTF-8"?>
<!DOCTYPE mapper PUBLIC "-//mybatis.org//DTD Mapper 3.0//EN" "http://mybatis.org/dtd/mybatis-3-mapper.dtd">
<mapper namespace="zysy.iflytek.coursejspmaster.ums.mapper.IStudentMapper">

    <!-- 通用查询映射结果 -->
    <resultMap id="BaseResultMap" type="zysy.iflytek.coursejspmaster.ums.entity.Student">
        <id column="id" property="id" />
        <result column="mobile" property="mobile" />
        <result column="password" property="password" />
        <result column="name" property="name" />
        <result column="gender" property="gender" />
        <result column="age" property="age" />
        <result column="create_time" property="createTime" />
        <result column="update_time" property="updateTime" />
        <result column="is_deleted" property="isDeleted" />
    </resultMap>

    <select id="testxml" resultType="zysy.iflytek.coursejspmaster.ums.entity.Student">
        SELECT * FROM ums_student
    </select>

    <delete id="testdel" parameterType="java.util.List">
        delete from ums_student
        where
        <foreach collection="ids" item="id" open="(" close=")" separator=" or ">
            id = #{id}
        </foreach>
    </delete>

</mapper>
