<?xml version="1.0" encoding="UTF-8"?>
<!DOCTYPE mapper PUBLIC "-//mybatis.org//DTD Mapper 3.0//EN" "http://mybatis.org/dtd/mybatis-3-mapper.dtd">
<mapper namespace="zysy.iflytek.coursejspmaster.ums.mapper.ITeacherMapper">

    <!-- 通用查询映射结果 -->
    <resultMap id="BaseResultMap" type="zysy.iflytek.coursejspmaster.ums.entity.Teacher">
        <id column="id" property="id" />
        <result column="work_no" property="workNo" />
        <result column="name" property="name" />
        <result column="gender" property="gender" />
        <result column="mobile" property="mobile" />
        <result column="create_time" property="createTime" />
        <result column="update_time" property="updateTime" />
        <result column="is_deleted" property="isDeleted" />
    </resultMap>

</mapper>
