<?xml version="1.0" encoding="UTF-8"?>
<!DOCTYPE mapper PUBLIC "-//mybatis.org//DTD Mapper 3.0//EN" "http://mybatis.org/dtd/mybatis-3-mapper.dtd">
<mapper namespace="zysy.iflytek.coursejspmaster.edu.mapper.ICourseStudyhistoryMapper">

    <!-- 通用查询映射结果 -->
    <resultMap id="BaseResultMap" type="zysy.iflytek.coursejspmaster.edu.entity.CourseStudyhistory">
        <id column="id" property="id" />
        <result column="course_id" property="courseId" />
        <result column="student_id" property="studentId" />
        <result column="create_time" property="createTime" />
        <result column="update_time" property="updateTime" />
        <result column="course_status" property="courseStatus" />
        <result column="sort" property="sort" />
        <result column="is_deleted" property="isDeleted" />
    </resultMap>

<!--    <resultMap id="CourseStudyhistoryVO" type="zysy.iflytek.coursejspmaster.edu.vo.CourseStudyhistoryVO"-->
<!--               extends="BaseResultMap">-->
<!--        <result column="course_cno" property="courseCno" />-->
<!--        <result column="course_name" property="courseName" />-->
<!--        <result column="teacher_name" property="teacherName" />-->
<!--    </resultMap>-->

    <select id="listByStudent" resultType="zysy.iflytek.coursejspmaster.edu.vo.CourseStudyhistoryVO"
            parameterType="java.lang.Integer">
        SELECT his.*, stu.name student_name,
               crs.course_cno, crs.course_name, tch.work_no teacher_work_no, tch.name teacher_name
        FROM edu_course_studyhistory his
                 LEFT JOIN ums_student stu ON his.student_id = stu.id
                 LEFT JOIN edu_course crs ON his.course_id = crs.id
                 LEFT JOIN ums_teacher tch ON crs.teacher_id = tch.id
        WHERE student_id = #{studentId}
    </select>


</mapper>
