<?xml version="1.0" encoding="UTF-8"?>
<!DOCTYPE mapper PUBLIC "-//mybatis.org//DTD Mapper 3.0//EN" "http://mybatis.org/dtd/mybatis-3-mapper.dtd">
<mapper namespace="zysy.iflytek.coursejspmaster.edu.mapper.ICourseMapper">

    <!-- 通用查询映射结果 -->
    <resultMap id="CourseResultMap" type="zysy.iflytek.coursejspmaster.edu.entity.Course">
        <id column="id" property="id" />
        <result column="course_cno" property="courseCno" />
        <result column="course_name" property="courseName" />
        <result column="teacher_id" property="teacherId" />
        <result column="is_valid" property="isValid" />
        <result column="is_deleted" property="isDeleted" />
        <result column="sort" property="sort" />
        <result column="create_time" property="createTime" />
        <result column="update_time" property="updateTime" />
    </resultMap>

    <resultMap id="CourseVOResultMap" extends="CourseResultMap"
               type="zysy.iflytek.coursejspmaster.edu.vo.CourseVO">
        <result column="teach_work_no" property="teacherWorkNo" />
        <result column="teacher_name" property="teacherName" />
    </resultMap>

    <select id="listVO" resultMap="CourseVOResultMap">
        SELECT crs.*, tch.work_no teach_work_no, tch.name teacher_name
        FROM edu_course crs
        LEFT JOIN ums_teacher tch ON crs.teacher_Id = tch.id
    </select>

</mapper>
